id_producto,nombre,precio,stock,categoria
1,Omnilife Shake Plus,294.53,,Nutrición
2,Omnilife Power Maker,339.28,189.0,Suplemento
3,Omnilife Shake Plus,546.27,140.0,Suplemento
4,Omnilife Magnus Supreme,418.77,8.0,Suplemento
5,Omnilife Power Maker,343.06,155.0,Suplemento
6,Omnilife Uzo,329.54,167.0,Energía
7,Omnilife Fiber'n Plus,338.18,151.0,Nutrición
8,Omnilife Supermix,597.72,,Bebida
9,Omnilife Dolvita,419.05,,Bebida
10,Omnilife Power Maker,632.89,87.0,Suplemento
11,Omnilife Aloe Beta,401.97,92.0,Nutrición
12,Omnilife Magnus Supreme,355.81,12.0,Control de peso
13,Omnilife Uzo,299.93,237.0,Control de peso
14,Omnilife Aloe Beta,470.82,213.0,Energía
15,Omnilife Verafrut,594.68,148.0,Bebida
16,Omnilife Dolvita,277.82,170.0,Bebida
17,Omnilife Supermix,365.76,21.0,Bebida
18,Omnilife Cafeto,290.4,72.0,Control de peso
19,Omnilife Shake Plus,583.64,42.0,Nutrición
20,Omnilife Biocros,333.8,69.0,Suplemento
21,Omnilife Magnus Supreme,503.99,,
22,Omnilife Starbien,434.9,70.0,Energía
23,,523.85,216.0,Suplemento
24,Omnilife Power Maker,578.72,207.0,Nutrición
25,Omnilife Fiber'n Plus,357.1,55.0,Energía
26,Omnilife Verafrut,537.17,55.0,Control de peso
27,Omnilife Fiber'n Plus,,165.0,Control de peso
28,Omnilife Starbien,355.95,64.0,Energía
29,Omnilife Uzo,355.1,150.0,Control de peso
30,Omnilife Verafrut,483.41,93.0,Bebida
31,Omnilife Starbien,453.81,,Suplemento
32,Omnilife Cafeto,293.86,161.0,
33,Omnilife Supermix,522.19,153.0,Suplemento
34,Omnilife Fiber'n Plus,402.65,120.0,Energía
35,Omnilife Ego Plant,638.43,221.0,Suplemento
36,Omnilife Shake Plus,,175.0,Energía
37,Omnilife Supermix,356.73,165.0,Nutrición
38,Omnilife Aloe Beta,367.4,41.0,Control de peso
39,,,225.0,Nutrición
40,Omnilife Uzo,554.78,130.0,
41,Omnilife Cafeto,500.12,216.0,Energía
42,Omnilife Magnus Supreme,329.56,96.0,Bebida
43,Omnilife Uzo,631.4,237.0,Energía
44,Omnilife Verafrut,250.23,83.0,Control de peso
45,Omnilife Optimus,294.75,93.0,Nutrición
46,,273.17,225.0,Energía
47,Omnilife Aloe Beta,284.26,125.0,Suplemento
48,Omnilife Supermix,463.08,33.0,Bebida
49,Omnilife Shake Plus,440.11,141.0,Bebida
50,Omnilife Ego Plant,461.07,156.0,
51,Omnilife Power Maker,621.57,194.0,
52,Omnilife Dolvita,374.69,172.0,Nutrición
53,Omnilife Thermo Tea Limón,609.85,116.0,Suplemento
54,Omnilife Power Maker,339.88,87.0,Suplemento
55,Omnilife Magnus Supreme,471.57,151.0,Bebida
56,Omnilife Optimus,278.4,162.0,Suplemento
57,Omnilife Power Maker,276.96,9.0,Nutrición
58,Omnilife Aloe Beta,,72.0,Control de peso
59,Omnilife Power Maker,465.69,186.0,Energía
60,Omnilife Magnus Supreme,439.07,201.0,
61,,412.82,25.0,Suplemento
62,Omnilife Shake Plus,,109.0,Control de peso
63,,595.53,14.0,Suplemento
64,Omnilife Optimus,,87.0,Suplemento
65,Omnilife Power Maker,326.64,138.0,Control de peso
66,Omnilife Starbien,418.75,72.0,Control de peso
67,Omnilife Power Maker,599.79,20.0,Control de peso
68,Omnilife Supermix,594.54,,Suplemento
69,Omnilife Optimus,510.86,139.0,Suplemento
70,Omnilife Aloe Beta,620.55,218.0,Bebida
71,Omnilife Starbien,412.57,124.0,Bebida
72,Omnilife Cafeto,410.42,16.0,Bebida
73,Omnilife Fiber'n Plus,250.86,100.0,Nutrición
74,Omnilife Verafrut,563.63,117.0,Nutrición
75,Omnilife Fiber'n Plus,528.64,,Energía
76,,537.36,40.0,Bebida
77,,,15.0,Energía
78,Omnilife Dolvita,466.88,192.0,Nutrición
79,Omnilife Optimus,270.06,123.0,Energía
80,Omnilife Verafrut,591.09,41.0,Suplemento
81,Omnilife Uzo,282.04,48.0,
82,Omnilife Magnus Supreme,277.18,221.0,Bebida
83,Omnilife Fiber'n Plus,297.95,228.0,Energía
84,Omnilife Power Maker,481.57,11.0,
85,Omnilife Aloe Beta,417.69,150.0,Energía
86,Omnilife Uzo,376.55,67.0,Bebida
87,Omnilife Shake Plus,536.48,62.0,Nutrición
88,Omnilife Fiber'n Plus,302.35,,Nutrición
89,Omnilife Thermo Tea Limón,376.47,193.0,Suplemento
90,Omnilife Optimus,433.31,145.0,
91,Omnilife Aloe Beta,465.05,130.0,Nutrición
92,Omnilife Starbien,623.3,226.0,Suplemento
93,Omnilife Verafrut,,73.0,Bebida
94,Omnilife Thermo Tea Limón,583.5,181.0,
95,Omnilife Magnus Supreme,643.54,,Energía
96,,517.15,142.0,Nutrición
97,Omnilife Verafrut,515.36,241.0,
98,Omnilife Ego Plant,296.17,28.0,Energía
99,,358.94,155.0,Bebida
100,Omnilife Dolvita,387.15,176.0,Nutrición
101,Omnilife Uzo,445.41,232.0,Suplemento
102,Omnilife Aloe Beta,503.71,213.0,Nutrición
103,Omnilife Optimus,251.42,198.0,Bebida
104,Omnilife Shake Plus,641.92,,
105,Omnilife Uzo,,144.0,Suplemento
106,Omnilife Aloe Beta,280.1,227.0,Bebida
107,Omnilife Uzo,,95.0,Energía
108,,309.24,33.0,Suplemento
109,Omnilife Ego Plant,395.86,239.0,Suplemento
110,Omnilife Verafrut,393.12,175.0,Bebida
111,Omnilife Shake Plus,291.12,200.0,Energía
112,Omnilife Verafrut,599.89,250.0,Energía
113,Omnilife Dolvita,311.82,239.0,Bebida
114,Omnilife Cafeto,315.0,205.0,Bebida
115,Omnilife Verafrut,414.92,46.0,Nutrición
116,Omnilife Supermix,622.33,206.0,
117,Omnilife Ego Plant,313.68,180.0,Suplemento
118,Omnilife Fiber'n Plus,598.87,220.0,Control de peso
119,Omnilife Power Maker,329.83,236.0,Control de peso
120,Omnilife Biocros,372.08,204.0,Bebida
121,Omnilife Power Maker,259.47,50.0,Control de peso
122,Omnilife Biocros,361.44,18.0,Nutrición
123,,506.59,103.0,Energía
124,Omnilife Biocros,625.69,30.0,
125,,482.24,68.0,Suplemento
126,,488.63,89.0,Nutrición
127,Omnilife Fiber'n Plus,492.48,131.0,Suplemento
128,Omnilife Fiber'n Plus,609.8,49.0,Nutrición
129,Omnilife Optimus,533.51,1.0,Energía
130,,572.6,176.0,Bebida
131,Omnilife Biocros,,243.0,Nutrición
132,Omnilife Magnus Supreme,375.57,218.0,Suplemento
133,Omnilife Dolvita,610.02,130.0,Nutrición
134,Omnilife Shake Plus,,104.0,Nutrición
135,Omnilife Uzo,300.92,108.0,Control de peso
136,Omnilife Shake Plus,549.25,45.0,Energía
137,Omnilife Magnus Supreme,370.38,141.0,Suplemento
138,Omnilife Ego Plant,364.77,,Energía
139,,511.88,120.0,Control de peso
140,,520.25,131.0,Control de peso
141,Omnilife Supermix,610.47,204.0,
142,Omnilife Shake Plus,283.92,132.0,Energía
143,Omnilife Biocros,287.35,244.0,Bebida
144,Omnilife Shake Plus,374.17,207.0,Bebida
145,Omnilife Starbien,259.77,63.0,Control de peso
146,Omnilife Magnus Supreme,589.9,19.0,Control de peso
147,Omnilife Fiber'n Plus,604.45,148.0,Bebida
148,Omnilife Dolvita,528.54,127.0,
149,Omnilife Power Maker,309.03,177.0,Suplemento
150,Omnilife Verafrut,550.39,198.0,Suplemento
151,Omnilife Supermix,420.06,46.0,Energía
152,,,64.0,Suplemento
153,Omnilife Thermo Tea Limón,303.34,119.0,Energía
154,Omnilife Uzo,,244.0,Control de peso
155,,576.0,229.0,Energía
156,Omnilife Fiber'n Plus,582.23,141.0,Control de peso
157,Omnilife Verafrut,313.66,221.0,Control de peso
158,,353.68,64.0,Nutrición
159,Omnilife Supermix,561.07,125.0,Bebida
160,,425.95,183.0,Nutrición
161,,358.69,82.0,Energía
162,Omnilife Aloe Beta,305.35,60.0,
163,Omnilife Dolvita,311.12,55.0,Suplemento
164,,413.04,139.0,Control de peso
165,,274.91,214.0,Control de peso
166,Omnilife Fiber'n Plus,611.94,150.0,Suplemento
167,Omnilife Cafeto,,148.0,
168,Omnilife Thermo Tea Limón,252.36,91.0,Nutrición
169,Omnilife Supermix,405.99,229.0,
170,Omnilife Uzo,549.01,140.0,Energía
171,Omnilife Verafrut,338.22,57.0,
172,Omnilife Fiber'n Plus,444.26,100.0,Nutrición
173,Omnilife Shake Plus,521.66,104.0,
174,Omnilife Cafeto,436.96,33.0,Energía
175,Omnilife Uzo,260.79,,Energía
176,Omnilife Magnus Supreme,515.2,22.0,Control de peso
177,Omnilife Starbien,596.74,,Suplemento
178,Omnilife Ego Plant,,55.0,Control de peso
179,Omnilife Biocros,385.0,,Control de peso
180,Omnilife Ego Plant,550.8,213.0,
181,Omnilife Ego Plant,,121.0,Suplemento
182,Omnilife Dolvita,465.77,244.0,
183,Omnilife Power Maker,510.06,200.0,Suplemento
184,,,64.0,Bebida
185,,258.15,40.0,Bebida
186,Omnilife Starbien,439.42,30.0,Energía
187,Omnilife Power Maker,436.01,,Nutrición
188,Omnilife Starbien,492.36,247.0,Suplemento
189,Omnilife Supermix,577.72,247.0,Nutrición
190,Omnilife Aloe Beta,481.47,,Nutrición
191,Omnilife Magnus Supreme,520.94,246.0,Control de peso
192,Omnilife Fiber'n Plus,626.59,51.0,Suplemento
193,Omnilife Magnus Supreme,,161.0,
194,Omnilife Aloe Beta,528.88,78.0,Energía
195,Omnilife Supermix,298.42,145.0,Suplemento
196,Omnilife Biocros,463.1,170.0,Nutrición
197,Omnilife Aloe Beta,452.38,88.0,Suplemento
198,Omnilife Cafeto,418.02,126.0,Suplemento
199,Omnilife Fiber'n Plus,634.32,163.0,Control de peso
200,Omnilife Dolvita,311.2,46.0,Energía
201,Omnilife Shake Plus,358.03,207.0,Energía
202,Omnilife Supermix,443.4,112.0,Energía
203,Omnilife Ego Plant,378.92,63.0,
204,Omnilife Ego Plant,602.65,63.0,Control de peso
205,,,98.0,Nutrición
206,Omnilife Optimus,447.72,,Bebida
207,Omnilife Thermo Tea Limón,,205.0,Nutrición
208,Omnilife Biocros,361.86,153.0,Nutrición
209,Omnilife Uzo,254.06,243.0,Bebida
210,Omnilife Aloe Beta,346.54,105.0,Control de peso
211,Omnilife Uzo,,177.0,Control de peso
212,Omnilife Shake Plus,534.74,115.0,Suplemento
213,Omnilife Aloe Beta,367.69,104.0,Bebida
214,Omnilife Ego Plant,515.58,95.0,Control de peso
215,Omnilife Uzo,462.37,109.0,Energía
216,Omnilife Biocros,390.72,117.0,Nutrición
217,Omnilife Ego Plant,,31.0,
218,Omnilife Biocros,297.82,138.0,Bebida
219,Omnilife Power Maker,336.55,124.0,Nutrición
220,Omnilife Dolvita,,195.0,Energía
221,Omnilife Magnus Supreme,363.2,,Bebida
222,Omnilife Ego Plant,340.99,46.0,Nutrición
223,Omnilife Optimus,533.21,33.0,Nutrición
224,Omnilife Optimus,639.72,142.0,
225,Omnilife Dolvita,627.64,164.0,Control de peso
226,Omnilife Aloe Beta,599.09,147.0,Nutrición
227,Omnilife Thermo Tea Limón,441.49,88.0,Bebida
228,Omnilife Optimus,350.99,,Control de peso
229,Omnilife Aloe Beta,,,Control de peso
230,Omnilife Aloe Beta,480.81,,Suplemento
231,Omnilife Starbien,309.68,145.0,Nutrición
232,Omnilife Aloe Beta,647.57,,Energía
233,Omnilife Supermix,416.47,153.0,Energía
234,,560.28,98.0,Control de peso
235,Omnilife Verafrut,427.09,221.0,Energía
236,Omnilife Fiber'n Plus,372.15,159.0,Suplemento
237,Omnilife Magnus Supreme,634.04,26.0,Bebida
238,Omnilife Shake Plus,334.41,170.0,Suplemento
239,Omnilife Starbien,345.95,,Suplemento
240,Omnilife Starbien,251.07,116.0,Energía
241,Omnilife Thermo Tea Limón,366.5,60.0,Nutrición
242,Omnilife Dolvita,363.09,221.0,Control de peso
243,Omnilife Aloe Beta,524.95,,Nutrición
244,Omnilife Supermix,566.5,,Bebida
245,Omnilife Fiber'n Plus,295.91,58.0,Bebida
246,Omnilife Verafrut,356.25,37.0,Suplemento
247,Omnilife Optimus,316.37,79.0,Energía
248,Omnilife Dolvita,579.7,,Nutrición
249,Omnilife Thermo Tea Limón,299.74,177.0,Nutrición
250,Omnilife Dolvita,411.0,70.0,Energía
251,,447.52,21.0,Energía
252,Omnilife Optimus,605.77,189.0,Nutrición
253,Omnilife Magnus Supreme,350.15,24.0,Bebida
254,Omnilife Shake Plus,,148.0,Energía
255,Omnilife Optimus,649.83,173.0,
256,,266.09,194.0,Bebida
257,Omnilife Thermo Tea Limón,457.59,114.0,Nutrición
258,Omnilife Starbien,648.78,112.0,Control de peso
259,Omnilife Aloe Beta,438.0,105.0,Nutrición
260,Omnilife Biocros,518.05,220.0,Bebida
261,Omnilife Biocros,414.66,127.0,Nutrición
262,Omnilife Shake Plus,628.08,209.0,Energía
263,Omnilife Optimus,431.93,81.0,Nutrición
264,Omnilife Biocros,296.37,198.0,Control de peso
265,Omnilife Cafeto,455.84,1.0,Energía
266,Omnilife Thermo Tea Limón,415.3,49.0,Energía
267,Omnilife Biocros,,128.0,Control de peso
268,Omnilife Supermix,270.64,,Energía
269,Omnilife Starbien,621.07,113.0,Control de peso
270,Omnilife Aloe Beta,261.55,162.0,
271,Omnilife Supermix,345.72,41.0,
272,Omnilife Uzo,,105.0,Suplemento
273,,646.9,234.0,Suplemento
274,Omnilife Thermo Tea Limón,628.82,166.0,Bebida
275,Omnilife Thermo Tea Limón,623.06,75.0,Energía
276,Omnilife Dolvita,359.37,214.0,
277,Omnilife Thermo Tea Limón,347.49,142.0,Bebida
278,,326.24,154.0,Energía
279,Omnilife Dolvita,,222.0,Suplemento
280,Omnilife Ego Plant,559.07,219.0,Control de peso
281,Omnilife Biocros,623.7,,Nutrición
282,Omnilife Cafeto,251.03,,Nutrición
283,Omnilife Cafeto,484.78,169.0,
284,Omnilife Cafeto,309.44,138.0,Control de peso
285,Omnilife Biocros,382.98,196.0,Energía
286,Omnilife Fiber'n Plus,432.14,83.0,Bebida
287,Omnilife Dolvita,345.52,99.0,
288,Omnilife Cafeto,560.22,12.0,Nutrición
289,Omnilife Dolvita,439.19,234.0,Control de peso
290,Omnilife Fiber'n Plus,645.37,203.0,Bebida
291,Omnilife Thermo Tea Limón,635.93,33.0,Energía
292,,382.8,26.0,Control de peso
293,Omnilife Aloe Beta,460.38,117.0,Suplemento
294,Omnilife Dolvita,307.66,223.0,Bebida
295,Omnilife Aloe Beta,437.8,249.0,Nutrición
296,Omnilife Biocros,499.3,102.0,Suplemento
297,Omnilife Cafeto,381.43,173.0,Energía
298,Omnilife Fiber'n Plus,631.66,161.0,Control de peso
299,Omnilife Cafeto,466.41,159.0,Suplemento
300,Omnilife Power Maker,502.46,236.0,Nutrición
301,,548.71,112.0,Suplemento
302,,503.5,224.0,
303,Omnilife Thermo Tea Limón,316.55,,Suplemento
304,Omnilife Optimus,379.75,15.0,Nutrición
305,Omnilife Biocros,,38.0,Bebida
306,,414.82,175.0,Bebida
307,Omnilife Starbien,320.03,157.0,Control de peso
308,Omnilife Magnus Supreme,523.25,128.0,Energía
309,Omnilife Starbien,342.88,164.0,Nutrición
310,Omnilife Thermo Tea Limón,352.13,3.0,
311,Omnilife Verafrut,365.05,140.0,Bebida
312,Omnilife Aloe Beta,426.69,89.0,Energía
313,Omnilife Ego Plant,505.58,109.0,Nutrición
314,Omnilife Thermo Tea Limón,588.12,51.0,Control de peso
315,Omnilife Cafeto,443.28,61.0,Control de peso
316,Omnilife Magnus Supreme,393.58,76.0,
317,Omnilife Optimus,641.18,169.0,Control de peso
318,Omnilife Ego Plant,253.24,222.0,Suplemento
319,Omnilife Verafrut,492.56,,Nutrición
320,Omnilife Supermix,569.54,156.0,Nutrición
321,Omnilife Power Maker,504.65,159.0,Nutrición
322,Omnilife Shake Plus,552.23,197.0,Bebida
323,Omnilife Shake Plus,288.87,161.0,Suplemento
324,Omnilife Ego Plant,565.44,9.0,Energía
325,Omnilife Biocros,542.94,24.0,Nutrición
326,Omnilife Biocros,548.99,45.0,
327,Omnilife Starbien,,,Nutrición
328,,,70.0,Bebida
329,Omnilife Ego Plant,615.62,242.0,Control de peso
330,Omnilife Supermix,368.06,223.0,Nutrición
331,Omnilife Supermix,,247.0,Suplemento
332,Omnilife Starbien,551.66,58.0,Control de peso
333,Omnilife Cafeto,571.84,94.0,Suplemento
334,Omnilife Supermix,407.83,68.0,Energía
335,Omnilife Aloe Beta,431.91,173.0,Nutrición
336,,402.41,164.0,Nutrición
337,Omnilife Aloe Beta,519.93,121.0,Suplemento
338,Omnilife Magnus Supreme,603.69,144.0,Nutrición
339,Omnilife Verafrut,494.03,166.0,Suplemento
340,,579.54,233.0,Nutrición
341,Omnilife Shake Plus,413.32,36.0,Suplemento
342,Omnilife Optimus,371.75,127.0,Suplemento
343,Omnilife Aloe Beta,343.92,138.0,Bebida
344,,431.46,172.0,Energía
345,Omnilife Fiber'n Plus,484.94,,Bebida
346,Omnilife Verafrut,415.95,26.0,Control de peso
347,Omnilife Magnus Supreme,413.25,244.0,
348,Omnilife Optimus,526.11,56.0,Control de peso
349,Omnilife Thermo Tea Limón,,219.0,Nutrición
350,Omnilife Aloe Beta,642.37,95.0,Energía
351,Omnilife Verafrut,,92.0,Suplemento
352,Omnilife Fiber'n Plus,,248.0,Suplemento
353,Omnilife Cafeto,,,Bebida
354,Omnilife Shake Plus,505.8,249.0,Suplemento
355,Omnilife Optimus,564.72,63.0,Bebida
356,Omnilife Supermix,475.83,18.0,Energía
357,Omnilife Power Maker,484.55,209.0,Bebida
358,Omnilife Biocros,559.75,202.0,Energía
359,Omnilife Optimus,360.91,,Bebida
360,Omnilife Uzo,350.26,45.0,
361,Omnilife Shake Plus,596.58,34.0,Suplemento
362,Omnilife Biocros,565.99,61.0,Energía
363,Omnilife Biocros,256.31,68.0,Suplemento
364,Omnilife Starbien,,135.0,Suplemento
365,Omnilife Dolvita,275.42,115.0,
366,Omnilife Uzo,487.47,116.0,Energía
367,Omnilife Power Maker,628.17,12.0,Energía
368,Omnilife Ego Plant,433.22,247.0,Suplemento
369,Omnilife Optimus,649.43,217.0,Control de peso
370,,524.44,126.0,Control de peso
371,Omnilife Aloe Beta,609.71,83.0,Energía
372,Omnilife Starbien,276.27,71.0,Energía
373,Omnilife Shake Plus,484.15,183.0,Nutrición
374,Omnilife Fiber'n Plus,647.85,136.0,Nutrición
375,Omnilife Thermo Tea Limón,452.22,111.0,Suplemento
376,Omnilife Supermix,530.71,219.0,Energía
377,Omnilife Dolvita,596.2,111.0,Control de peso
378,Omnilife Verafrut,341.4,87.0,Control de peso
379,Omnilife Fiber'n Plus,,25.0,Nutrición
380,Omnilife Fiber'n Plus,375.01,66.0,Nutrición
381,Omnilife Starbien,524.73,,Suplemento
382,,582.71,24.0,Control de peso
383,Omnilife Aloe Beta,547.84,96.0,Bebida
384,Omnilife Uzo,273.99,245.0,Energía
385,Omnilife Uzo,381.86,32.0,Control de peso
386,Omnilife Biocros,599.44,241.0,Control de peso
387,Omnilife Cafeto,616.34,14.0,Nutrición
388,Omnilife Magnus Supreme,374.98,,Energía
389,Omnilife Uzo,335.1,169.0,Control de peso
390,Omnilife Power Maker,588.91,90.0,Energía
391,Omnilife Biocros,295.95,72.0,Energía
392,Omnilife Power Maker,572.89,,
393,Omnilife Supermix,,158.0,Energía
394,Omnilife Optimus,493.6,169.0,Nutrición
395,Omnilife Optimus,322.17,180.0,Nutrición
396,,385.93,2.0,Bebida
397,Omnilife Cafeto,307.3,169.0,Control de peso
398,Omnilife Aloe Beta,306.75,,Suplemento
399,Omnilife Aloe Beta,548.44,56.0,Control de peso
400,Omnilife Fiber'n Plus,431.46,41.0,Nutrición
401,Omnilife Ego Plant,538.64,199.0,Energía
402,Omnilife Magnus Supreme,283.98,14.0,Bebida
403,Omnilife Starbien,551.77,13.0,
404,Omnilife Ego Plant,427.25,109.0,Control de peso
405,Omnilife Magnus Supreme,426.82,70.0,Bebida
406,Omnilife Supermix,454.94,89.0,Control de peso
407,Omnilife Aloe Beta,363.3,174.0,Energía
408,Omnilife Thermo Tea Limón,460.77,79.0,Suplemento
409,Omnilife Power Maker,408.11,154.0,Suplemento
410,Omnilife Optimus,331.77,243.0,Bebida
411,,304.89,66.0,Nutrición
412,Omnilife Biocros,297.99,128.0,Control de peso
413,Omnilife Starbien,301.67,137.0,Bebida
414,Omnilife Uzo,473.49,172.0,Nutrición
415,Omnilife Aloe Beta,408.83,190.0,
416,Omnilife Fiber'n Plus,257.5,236.0,Suplemento
417,,375.22,110.0,Energía
418,Omnilife Fiber'n Plus,533.8,107.0,Nutrición
419,Omnilife Aloe Beta,412.01,248.0,Nutrición
420,,570.53,,Control de peso
421,Omnilife Cafeto,525.84,93.0,Suplemento
422,Omnilife Fiber'n Plus,587.79,63.0,Control de peso
423,Omnilife Magnus Supreme,410.18,21.0,Control de peso
424,Omnilife Cafeto,374.11,87.0,Bebida
425,Omnilife Biocros,561.65,20.0,Energía
426,Omnilife Shake Plus,295.61,131.0,Bebida
427,Omnilife Verafrut,560.49,90.0,Bebida
428,Omnilife Power Maker,291.12,66.0,Bebida
429,Omnilife Starbien,490.96,195.0,Suplemento
430,Omnilife Starbien,630.52,161.0,
431,Omnilife Thermo Tea Limón,551.78,,Energía
432,Omnilife Thermo Tea Limón,522.45,226.0,Energía
433,Omnilife Shake Plus,504.12,160.0,Nutrición
434,,638.39,81.0,
435,Omnilife Thermo Tea Limón,277.31,114.0,Nutrición
436,Omnilife Supermix,359.87,15.0,Nutrición
437,Omnilife Uzo,279.68,119.0,Control de peso
438,,272.76,213.0,Nutrición
439,Omnilife Aloe Beta,507.87,219.0,Suplemento
440,Omnilife Magnus Supreme,487.63,99.0,Control de peso
441,Omnilife Magnus Supreme,471.73,203.0,Suplemento
442,Omnilife Thermo Tea Limón,,147.0,Bebida
443,Omnilife Biocros,492.0,129.0,Bebida
444,Omnilife Optimus,430.21,208.0,Nutrición
445,Omnilife Dolvita,283.73,166.0,Bebida
446,Omnilife Optimus,,113.0,Control de peso
447,Omnilife Uzo,459.1,41.0,Nutrición
448,Omnilife Biocros,617.17,100.0,Control de peso
449,Omnilife Supermix,385.35,154.0,
450,Omnilife Supermix,502.35,86.0,Suplemento
451,Omnilife Biocros,287.8,174.0,Control de peso
452,Omnilife Ego Plant,350.8,219.0,Energía
453,Omnilife Cafeto,310.15,21.0,Energía
454,Omnilife Shake Plus,306.57,90.0,Nutrición
455,Omnilife Shake Plus,529.39,101.0,Bebida
456,Omnilife Magnus Supreme,533.53,22.0,Nutrición
457,,,203.0,Nutrición
458,,301.12,180.0,Energía
459,Omnilife Aloe Beta,508.41,109.0,Energía
460,Omnilife Biocros,257.29,80.0,Bebida
461,Omnilife Power Maker,386.69,197.0,Control de peso
462,Omnilife Power Maker,340.62,36.0,Bebida
463,Omnilife Aloe Beta,368.32,,Suplemento
464,Omnilife Uzo,558.35,214.0,Energía
465,Omnilife Optimus,514.77,225.0,Energía
466,Omnilife Starbien,488.9,40.0,Bebida
467,Omnilife Starbien,582.54,198.0,Energía
468,,611.06,185.0,Control de peso
469,Omnilife Optimus,414.34,174.0,Bebida
470,,494.24,193.0,Control de peso
471,Omnilife Power Maker,463.6,,Control de peso
472,Omnilife Verafrut,584.05,95.0,Energía
473,,434.67,73.0,Control de peso
474,Omnilife Uzo,460.98,248.0,Bebida
475,,329.88,,Bebida
476,Omnilife Cafeto,350.0,,Control de peso
477,Omnilife Cafeto,398.48,,Suplemento
478,Omnilife Dolvita,588.36,,Suplemento
479,Omnilife Ego Plant,283.55,42.0,Nutrición
480,Omnilife Thermo Tea Limón,612.12,38.0,Control de peso
481,Omnilife Aloe Beta,628.57,57.0,Control de peso
482,Omnilife Verafrut,389.83,7.0,Control de peso
483,Omnilife Optimus,,96.0,
484,Omnilife Fiber'n Plus,647.81,,Bebida
485,Omnilife Optimus,377.47,26.0,Nutrición
486,Omnilife Supermix,,10.0,Nutrición
487,Omnilife Verafrut,581.9,179.0,Bebida
488,Omnilife Supermix,532.21,,Energía
489,Omnilife Optimus,612.34,5.0,Nutrición
490,Omnilife Power Maker,583.99,141.0,Energía
491,Omnilife Uzo,419.3,199.0,Nutrición
492,Omnilife Power Maker,370.46,13.0,
493,Omnilife Fiber'n Plus,505.58,160.0,Control de peso
494,,294.34,232.0,Control de peso
495,Omnilife Magnus Supreme,464.42,162.0,Energía
496,Omnilife Magnus Supreme,346.78,37.0,Nutrición
497,Omnilife Fiber'n Plus,250.63,91.0,Bebida
498,Omnilife Magnus Supreme,416.63,171.0,Suplemento
499,Omnilife Uzo,639.86,18.0,Energía
500,Omnilife Uzo,452.93,130.0,Energía
501,Omnilife Optimus,406.18,121.0,
502,Omnilife Shake Plus,404.75,96.0,Nutrición
503,Omnilife Dolvita,256.5,202.0,Suplemento
504,Omnilife Biocros,346.45,169.0,Suplemento
505,Omnilife Supermix,482.76,194.0,
506,Omnilife Starbien,267.73,140.0,Nutrición
507,Omnilife Cafeto,507.12,213.0,Control de peso
508,Omnilife Dolvita,441.41,47.0,Bebida
509,,,242.0,Control de peso
510,Omnilife Optimus,367.38,12.0,Bebida
511,Omnilife Verafrut,266.76,239.0,
512,Omnilife Uzo,409.29,209.0,Energía
513,Omnilife Thermo Tea Limón,351.33,193.0,Bebida
514,Omnilife Ego Plant,392.79,200.0,Suplemento
515,Omnilife Cafeto,,70.0,Suplemento
516,Omnilife Supermix,397.21,228.0,Control de peso
517,Omnilife Dolvita,425.89,245.0,Control de peso
518,Omnilife Biocros,,128.0,
519,Omnilife Biocros,619.72,133.0,Nutrición
520,Omnilife Supermix,283.04,,Suplemento
521,Omnilife Fiber'n Plus,490.98,211.0,Bebida
522,Omnilife Uzo,367.51,27.0,Suplemento
523,Omnilife Biocros,514.37,79.0,Control de peso
524,Omnilife Magnus Supreme,537.07,43.0,Control de peso
525,Omnilife Biocros,428.85,187.0,Nutrición
526,,649.26,71.0,Suplemento
527,Omnilife Aloe Beta,518.47,104.0,Nutrición
528,Omnilife Uzo,,174.0,Bebida
529,Omnilife Optimus,307.11,156.0,Control de peso
530,Omnilife Optimus,,61.0,Nutrición
531,Omnilife Biocros,403.14,146.0,Suplemento
532,Omnilife Magnus Supreme,311.38,116.0,Nutrición
533,Omnilife Biocros,427.58,20.0,
534,Omnilife Starbien,461.78,102.0,Nutrición
535,Omnilife Shake Plus,361.48,246.0,Suplemento
536,Omnilife Optimus,544.27,128.0,Energía
537,Omnilife Fiber'n Plus,615.42,31.0,Nutrición
538,Omnilife Supermix,354.12,115.0,Bebida
539,Omnilife Magnus Supreme,364.23,235.0,Control de peso
540,Omnilife Power Maker,299.05,219.0,Suplemento
541,Omnilife Thermo Tea Limón,319.06,183.0,Control de peso
542,Omnilife Aloe Beta,574.21,248.0,Nutrición
543,Omnilife Shake Plus,,,Energía
544,Omnilife Uzo,366.14,77.0,Bebida
545,Omnilife Dolvita,533.83,180.0,Bebida
546,Omnilife Supermix,394.6,58.0,Suplemento
547,Omnilife Power Maker,566.83,61.0,Control de peso
548,Omnilife Optimus,394.36,147.0,Nutrición
549,Omnilife Thermo Tea Limón,571.46,,
550,Omnilife Magnus Supreme,603.7,17.0,Nutrición
551,Omnilife Fiber'n Plus,649.84,185.0,Control de peso
552,Omnilife Uzo,414.32,105.0,Energía
553,Omnilife Aloe Beta,300.13,82.0,Suplemento
554,Omnilife Thermo Tea Limón,436.33,133.0,Nutrición
555,Omnilife Starbien,601.18,200.0,Energía
556,Omnilife Shake Plus,485.11,,Bebida
557,Omnilife Fiber'n Plus,451.15,223.0,Suplemento
558,Omnilife Cafeto,299.66,40.0,Nutrición
559,Omnilife Starbien,314.79,240.0,Bebida
560,Omnilife Biocros,628.99,133.0,Nutrición
561,,281.54,51.0,Energía
562,Omnilife Ego Plant,300.07,78.0,Energía
563,Omnilife Uzo,287.37,165.0,Bebida
564,Omnilife Magnus Supreme,626.64,40.0,Bebida
565,Omnilife Shake Plus,499.79,231.0,Energía
566,Omnilife Biocros,587.01,,Suplemento
567,,595.51,21.0,
568,Omnilife Shake Plus,558.41,68.0,Bebida
569,Omnilife Supermix,478.85,159.0,Suplemento
570,Omnilife Thermo Tea Limón,,140.0,
571,Omnilife Shake Plus,632.66,124.0,Bebida
572,Omnilife Supermix,572.94,104.0,Nutrición
573,Omnilife Thermo Tea Limón,279.19,16.0,Bebida
574,Omnilife Thermo Tea Limón,416.25,119.0,Bebida
575,Omnilife Biocros,492.66,,Nutrición
576,Omnilife Dolvita,645.21,89.0,Control de peso
577,,,132.0,Energía
578,,377.65,,Suplemento
579,Omnilife Ego Plant,429.84,37.0,Suplemento
580,Omnilife Optimus,366.08,99.0,Energía
581,,349.31,222.0,Bebida
582,Omnilife Cafeto,,148.0,Nutrición
583,Omnilife Power Maker,555.25,128.0,Energía
584,Omnilife Thermo Tea Limón,449.5,79.0,Control de peso
585,Omnilife Optimus,286.02,101.0,Energía
586,Omnilife Thermo Tea Limón,636.67,,
587,Omnilife Biocros,,73.0,Control de peso
588,Omnilife Magnus Supreme,602.94,168.0,Control de peso
589,Omnilife Ego Plant,464.68,217.0,Suplemento
590,Omnilife Fiber'n Plus,303.57,68.0,
591,Omnilife Supermix,411.3,12.0,Control de peso
592,Omnilife Optimus,478.11,50.0,Nutrición
593,Omnilife Uzo,365.44,99.0,Energía
594,Omnilife Thermo Tea Limón,555.76,72.0,Energía
595,,494.42,33.0,Suplemento
596,Omnilife Fiber'n Plus,399.28,87.0,Energía
597,Omnilife Biocros,551.99,,Energía
598,Omnilife Uzo,,11.0,Suplemento
599,,304.81,86.0,Control de peso
600,Omnilife Uzo,432.8,,Energía
601,,381.19,,Nutrición
602,Omnilife Starbien,407.18,158.0,Nutrición
603,Omnilife Magnus Supreme,384.55,213.0,Energía
604,Omnilife Uzo,445.94,145.0,Nutrición
605,Omnilife Thermo Tea Limón,576.3,95.0,Nutrición
606,Omnilife Shake Plus,293.84,107.0,
607,Omnilife Ego Plant,568.7,,Suplemento
608,Omnilife Magnus Supreme,439.84,248.0,Energía
609,Omnilife Magnus Supreme,341.02,14.0,Energía
610,Omnilife Thermo Tea Limón,318.2,162.0,Energía
611,Omnilife Supermix,586.47,38.0,Bebida
612,Omnilife Optimus,479.03,180.0,Suplemento
613,Omnilife Power Maker,257.57,81.0,Control de peso
614,Omnilife Starbien,415.18,53.0,Control de peso
615,Omnilife Uzo,559.99,236.0,Control de peso
616,,589.35,187.0,Suplemento
617,Omnilife Dolvita,,54.0,Energía
618,Omnilife Biocros,649.25,123.0,Energía
619,Omnilife Fiber'n Plus,375.5,45.0,Control de peso
620,,463.25,140.0,Nutrición
621,Omnilife Shake Plus,558.8,185.0,Nutrición
622,Omnilife Magnus Supreme,443.67,246.0,
623,Omnilife Ego Plant,473.23,,Nutrición
624,Omnilife Supermix,365.6,54.0,Control de peso
625,Omnilife Biocros,441.92,144.0,Nutrición
626,Omnilife Ego Plant,298.75,174.0,Energía
627,Omnilife Fiber'n Plus,608.3,102.0,Nutrición
628,Omnilife Supermix,571.85,75.0,Suplemento
629,Omnilife Ego Plant,632.13,21.0,Nutrición
630,Omnilife Verafrut,426.95,66.0,Control de peso
631,Omnilife Power Maker,330.83,138.0,Nutrición
632,Omnilife Verafrut,474.81,70.0,Bebida
633,Omnilife Aloe Beta,496.27,151.0,Bebida
634,Omnilife Power Maker,270.31,232.0,Energía
635,Omnilife Power Maker,505.18,14.0,Suplemento
636,Omnilife Fiber'n Plus,382.12,121.0,Suplemento
637,Omnilife Shake Plus,558.31,2.0,Energía
638,Omnilife Verafrut,313.18,168.0,Control de peso
639,Omnilife Thermo Tea Limón,510.22,194.0,Nutrición
640,Omnilife Biocros,364.17,16.0,Suplemento
641,Omnilife Shake Plus,479.65,137.0,Suplemento
642,Omnilife Verafrut,618.59,107.0,Bebida
643,Omnilife Verafrut,617.85,215.0,Control de peso
644,Omnilife Supermix,448.15,240.0,Nutrición
645,Omnilife Verafrut,264.99,77.0,Energía
646,,292.92,86.0,Nutrición
647,Omnilife Thermo Tea Limón,645.64,140.0,Energía
648,Omnilife Thermo Tea Limón,605.7,35.0,Energía
649,Omnilife Thermo Tea Limón,359.13,208.0,Suplemento
650,Omnilife Biocros,315.0,118.0,Nutrición
651,,324.48,189.0,Nutrición
652,,368.01,173.0,Bebida
653,Omnilife Starbien,494.38,164.0,
654,Omnilife Cafeto,421.08,84.0,Suplemento
655,,517.7,48.0,Bebida
656,Omnilife Thermo Tea Limón,379.44,,Suplemento
657,Omnilife Ego Plant,403.43,115.0,Nutrición
658,Omnilife Biocros,370.78,186.0,Energía
659,Omnilife Optimus,354.62,93.0,Bebida
660,Omnilife Optimus,517.11,120.0,Nutrición
661,Omnilife Starbien,412.17,129.0,Nutrición
662,Omnilife Dolvita,296.97,235.0,Nutrición
663,Omnilife Biocros,,,Bebida
664,Omnilife Thermo Tea Limón,311.27,192.0,Energía
665,Omnilife Biocros,416.34,,Control de peso
666,Omnilife Supermix,465.01,171.0,Bebida
667,Omnilife Supermix,348.99,194.0,Energía
668,Omnilife Cafeto,564.95,135.0,Control de peso
669,Omnilife Uzo,531.51,20.0,Energía
670,Omnilife Aloe Beta,274.7,141.0,Energía
671,,479.08,39.0,
672,Omnilife Biocros,591.79,114.0,
673,Omnilife Shake Plus,332.16,150.0,Control de peso
674,Omnilife Aloe Beta,609.56,115.0,Suplemento
675,Omnilife Thermo Tea Limón,302.78,107.0,Control de peso
676,Omnilife Magnus Supreme,273.09,119.0,Nutrición
677,Omnilife Dolvita,258.71,,Suplemento
678,Omnilife Dolvita,337.16,19.0,Suplemento
679,Omnilife Fiber'n Plus,387.81,17.0,Energía
680,Omnilife Optimus,623.83,18.0,Control de peso
681,Omnilife Optimus,364.84,47.0,Bebida
682,Omnilife Supermix,506.61,187.0,Control de peso
683,Omnilife Biocros,647.14,98.0,Control de peso
684,Omnilife Cafeto,616.85,97.0,Control de peso
685,Omnilife Aloe Beta,523.09,170.0,Energía
686,Omnilife Starbien,511.41,90.0,Suplemento
687,Omnilife Starbien,647.14,101.0,Energía
688,Omnilife Starbien,541.14,58.0,Suplemento
689,Omnilife Supermix,259.09,77.0,Control de peso
690,Omnilife Shake Plus,537.64,109.0,Energía
691,Omnilife Fiber'n Plus,579.34,64.0,Control de peso
692,Omnilife Biocros,312.05,49.0,Suplemento
693,Omnilife Optimus,573.79,108.0,Energía
694,Omnilife Supermix,,,Suplemento
695,Omnilife Power Maker,332.43,26.0,Energía
696,Omnilife Optimus,428.58,173.0,Suplemento
697,Omnilife Power Maker,546.22,,Control de peso
698,,,194.0,Suplemento
699,Omnilife Starbien,451.56,75.0,Bebida
700,Omnilife Cafeto,616.56,148.0,
701,Omnilife Magnus Supreme,489.17,173.0,Nutrición
702,Omnilife Power Maker,370.71,37.0,Energía
703,Omnilife Power Maker,415.42,71.0,
704,Omnilife Uzo,629.41,226.0,Bebida
705,Omnilife Shake Plus,521.5,143.0,Control de peso
706,Omnilife Optimus,638.92,242.0,Control de peso
707,Omnilife Supermix,459.79,179.0,Control de peso
708,Omnilife Fiber'n Plus,,97.0,Bebida
709,Omnilife Supermix,465.17,62.0,Bebida
710,Omnilife Ego Plant,593.02,37.0,Control de peso
711,Omnilife Verafrut,273.05,106.0,Control de peso
712,Omnilife Uzo,462.0,100.0,Bebida
713,Omnilife Ego Plant,331.33,166.0,Suplemento
714,Omnilife Verafrut,429.91,95.0,Suplemento
715,Omnilife Uzo,539.83,49.0,Suplemento
716,Omnilife Ego Plant,400.87,155.0,Energía
717,Omnilife Optimus,599.45,49.0,Energía
718,Omnilife Dolvita,518.58,,Control de peso
719,Omnilife Power Maker,597.79,86.0,
720,Omnilife Verafrut,256.13,240.0,Bebida
721,Omnilife Dolvita,296.93,,Control de peso
722,,,155.0,
723,Omnilife Fiber'n Plus,616.05,142.0,Nutrición
724,Omnilife Supermix,363.22,120.0,Energía
725,Omnilife Shake Plus,393.7,67.0,Nutrición
726,Omnilife Uzo,603.12,120.0,Suplemento
727,Omnilife Supermix,642.53,121.0,
728,Omnilife Verafrut,331.25,81.0,Control de peso
729,Omnilife Optimus,,,Bebida
730,Omnilife Optimus,354.31,,Energía
731,Omnilife Magnus Supreme,538.0,76.0,Bebida
732,Omnilife Power Maker,381.95,98.0,Energía
733,Omnilife Cafeto,348.29,141.0,Nutrición
734,Omnilife Ego Plant,555.34,126.0,Control de peso
735,Omnilife Thermo Tea Limón,317.29,204.0,Nutrición
736,Omnilife Starbien,305.98,140.0,Control de peso
737,Omnilife Starbien,616.76,139.0,Suplemento
738,,263.53,217.0,Suplemento
739,,517.29,196.0,Suplemento
740,Omnilife Fiber'n Plus,305.0,162.0,Bebida
741,Omnilife Aloe Beta,532.87,3.0,Bebida
742,Omnilife Uzo,432.4,16.0,Energía
743,Omnilife Shake Plus,,158.0,Control de peso
744,Omnilife Shake Plus,445.14,2.0,Energía
745,Omnilife Uzo,414.54,5.0,Energía
746,Omnilife Dolvita,359.9,74.0,Suplemento
747,,575.26,173.0,Control de peso
748,Omnilife Supermix,625.88,46.0,Suplemento
749,Omnilife Verafrut,288.53,39.0,Bebida
750,Omnilife Power Maker,497.91,65.0,Nutrición
751,Omnilife Ego Plant,,21.0,Nutrición
752,Omnilife Fiber'n Plus,433.6,,Bebida
753,Omnilife Ego Plant,523.62,218.0,Suplemento
754,Omnilife Shake Plus,646.67,167.0,Suplemento
755,,412.11,97.0,Energía
756,Omnilife Thermo Tea Limón,272.45,3.0,Bebida
757,Omnilife Aloe Beta,449.94,112.0,Nutrición
758,Omnilife Magnus Supreme,,250.0,Suplemento
759,Omnilife Verafrut,461.26,,
760,Omnilife Power Maker,610.51,178.0,Energía
761,Omnilife Thermo Tea Limón,358.44,237.0,Suplemento
762,Omnilife Shake Plus,620.23,231.0,
763,Omnilife Magnus Supreme,513.24,46.0,Nutrición
764,Omnilife Optimus,634.59,151.0,Bebida
765,Omnilife Supermix,578.28,211.0,Control de peso
766,Omnilife Verafrut,280.77,42.0,Energía
767,,476.68,218.0,Control de peso
768,Omnilife Shake Plus,608.61,85.0,Control de peso
769,Omnilife Supermix,545.9,203.0,Suplemento
770,Omnilife Uzo,548.18,89.0,Suplemento
771,Omnilife Aloe Beta,424.84,215.0,Suplemento
772,Omnilife Biocros,492.07,158.0,Energía
773,Omnilife Fiber'n Plus,637.57,84.0,Suplemento
774,Omnilife Shake Plus,359.33,116.0,Control de peso
775,Omnilife Power Maker,,241.0,Control de peso
776,Omnilife Fiber'n Plus,324.3,150.0,Control de peso
777,Omnilife Aloe Beta,558.87,76.0,Bebida
778,Omnilife Dolvita,279.4,,
779,Omnilife Fiber'n Plus,534.67,163.0,Bebida
780,Omnilife Dolvita,405.85,93.0,Suplemento
781,Omnilife Aloe Beta,252.08,79.0,Control de peso
782,Omnilife Biocros,554.54,27.0,Bebida
783,Omnilife Aloe Beta,,115.0,Energía
784,Omnilife Uzo,454.98,27.0,Suplemento
785,Omnilife Aloe Beta,391.57,24.0,Energía
786,Omnilife Magnus Supreme,,222.0,Control de peso
787,Omnilife Optimus,366.74,100.0,Suplemento
788,Omnilife Dolvita,610.45,232.0,Bebida
789,Omnilife Magnus Supreme,,176.0,Control de peso
790,Omnilife Starbien,305.54,78.0,Nutrición
791,Omnilife Thermo Tea Limón,308.37,43.0,Control de peso
792,Omnilife Ego Plant,,124.0,Suplemento
793,,350.68,,Control de peso
794,Omnilife Magnus Supreme,496.67,118.0,Suplemento
795,Omnilife Starbien,371.86,243.0,Control de peso
796,Omnilife Biocros,586.65,98.0,Nutrición
797,Omnilife Thermo Tea Limón,383.89,209.0,Energía
798,Omnilife Starbien,370.17,155.0,Bebida
799,Omnilife Thermo Tea Limón,375.67,247.0,Control de peso
800,Omnilife Biocros,366.58,178.0,Control de peso
801,Omnilife Magnus Supreme,562.79,84.0,Control de peso
802,Omnilife Ego Plant,576.6,101.0,Nutrición
803,Omnilife Aloe Beta,622.83,52.0,Energía
804,Omnilife Uzo,321.97,197.0,Energía
805,Omnilife Optimus,631.2,,Bebida
806,,569.07,213.0,
807,Omnilife Cafeto,589.12,204.0,Control de peso
808,Omnilife Shake Plus,,163.0,Nutrición
809,Omnilife Power Maker,351.07,40.0,Control de peso
810,Omnilife Supermix,400.8,115.0,Energía
811,Omnilife Thermo Tea Limón,482.9,137.0,
812,Omnilife Verafrut,618.16,178.0,Control de peso
813,Omnilife Uzo,264.71,248.0,Nutrición
814,Omnilife Dolvita,608.2,138.0,Energía
815,Omnilife Shake Plus,615.76,28.0,Bebida
816,Omnilife Shake Plus,515.88,43.0,Energía
817,Omnilife Optimus,475.29,166.0,Control de peso
818,Omnilife Supermix,382.64,204.0,Control de peso
819,Omnilife Aloe Beta,254.22,67.0,Bebida
820,Omnilife Uzo,548.74,143.0,Energía
821,Omnilife Dolvita,480.09,115.0,Nutrición
822,Omnilife Fiber'n Plus,435.23,174.0,Energía
823,Omnilife Dolvita,450.19,89.0,Suplemento
824,,291.82,107.0,Suplemento
825,Omnilife Aloe Beta,582.53,187.0,
826,Omnilife Biocros,,,Bebida
827,Omnilife Uzo,443.17,,Suplemento
828,Omnilife Thermo Tea Limón,538.8,116.0,
829,Omnilife Aloe Beta,,208.0,Suplemento
830,Omnilife Optimus,589.67,166.0,Suplemento
831,Omnilife Shake Plus,570.02,239.0,Bebida
832,Omnilife Uzo,319.78,41.0,Nutrición
833,Omnilife Uzo,420.55,119.0,Bebida
834,Omnilife Supermix,412.02,48.0,Bebida
835,Omnilife Shake Plus,512.92,102.0,Suplemento
836,Omnilife Dolvita,495.64,51.0,Control de peso
837,Omnilife Magnus Supreme,421.82,2.0,Bebida
838,Omnilife Power Maker,361.34,,Suplemento
839,Omnilife Magnus Supreme,290.7,224.0,
840,Omnilife Starbien,396.32,51.0,Control de peso
841,,354.94,221.0,Control de peso
842,Omnilife Uzo,636.37,,
843,Omnilife Fiber'n Plus,494.52,151.0,Suplemento
844,Omnilife Biocros,390.79,118.0,
845,Omnilife Starbien,575.5,181.0,Nutrición
846,Omnilife Verafrut,495.79,22.0,Bebida
847,,297.14,79.0,Suplemento
848,Omnilife Starbien,399.32,37.0,Energía
849,Omnilife Fiber'n Plus,417.3,36.0,Energía
850,Omnilife Fiber'n Plus,419.22,125.0,Energía
851,Omnilife Dolvita,617.66,239.0,Bebida
852,Omnilife Uzo,316.75,74.0,Bebida
853,Omnilife Starbien,375.83,116.0,Energía
854,Omnilife Optimus,596.21,244.0,Suplemento
855,Omnilife Thermo Tea Limón,304.61,,Control de peso
856,Omnilife Uzo,452.18,127.0,Control de peso
857,Omnilife Shake Plus,446.69,182.0,
858,,316.9,,Suplemento
859,Omnilife Supermix,554.42,75.0,Suplemento
860,Omnilife Ego Plant,339.94,74.0,Bebida
861,Omnilife Supermix,,191.0,
862,Omnilife Uzo,454.32,147.0,Suplemento
863,Omnilife Ego Plant,560.05,211.0,Nutrición
864,Omnilife Uzo,579.04,11.0,
865,,337.42,109.0,Suplemento
866,Omnilife Dolvita,,193.0,Bebida
867,Omnilife Ego Plant,599.92,,Control de peso
868,Omnilife Ego Plant,389.43,210.0,Suplemento
869,Omnilife Thermo Tea Limón,596.12,31.0,Bebida
870,Omnilife Power Maker,574.28,,Nutrición
871,Omnilife Cafeto,534.3,162.0,Control de peso
872,,496.46,201.0,Bebida
873,,332.78,,Energía
874,Omnilife Biocros,462.91,153.0,Energía
875,Omnilife Starbien,379.46,181.0,Nutrición
876,Omnilife Ego Plant,479.09,244.0,
877,Omnilife Verafrut,521.72,25.0,Bebida
878,Omnilife Supermix,,,Suplemento
879,,596.82,33.0,Bebida
880,Omnilife Power Maker,308.5,83.0,Bebida
881,Omnilife Supermix,587.42,101.0,Control de peso
882,Omnilife Starbien,480.97,69.0,Control de peso
883,Omnilife Fiber'n Plus,430.8,,Suplemento
884,Omnilife Fiber'n Plus,456.25,72.0,Nutrición
885,Omnilife Thermo Tea Limón,630.1,84.0,Energía
886,,597.56,217.0,Suplemento
887,Omnilife Dolvita,638.86,,Nutrición
888,Omnilife Cafeto,275.33,137.0,Control de peso
889,Omnilife Power Maker,637.25,,Bebida
890,Omnilife Thermo Tea Limón,,213.0,Nutrición
891,Omnilife Biocros,468.92,34.0,Energía
892,Omnilife Cafeto,444.14,88.0,Suplemento
893,Omnilife Optimus,289.83,201.0,Control de peso
894,Omnilife Optimus,299.69,220.0,Bebida
895,Omnilife Thermo Tea Limón,432.61,246.0,Control de peso
896,Omnilife Power Maker,648.28,233.0,Bebida
897,Omnilife Verafrut,,41.0,Nutrición
898,Omnilife Aloe Beta,511.84,65.0,Suplemento
899,Omnilife Biocros,515.8,167.0,
900,Omnilife Optimus,408.54,79.0,Bebida
901,Omnilife Fiber'n Plus,512.19,181.0,Suplemento
902,Omnilife Optimus,335.37,20.0,Bebida
903,Omnilife Magnus Supreme,340.48,175.0,Control de peso
904,Omnilife Optimus,253.23,88.0,
905,Omnilife Cafeto,418.93,34.0,Control de peso
906,Omnilife Aloe Beta,341.58,23.0,Suplemento
907,Omnilife Aloe Beta,375.34,226.0,
908,Omnilife Starbien,403.09,209.0,Bebida
909,Omnilife Shake Plus,647.18,37.0,Suplemento
910,Omnilife Uzo,475.32,157.0,
911,Omnilife Thermo Tea Limón,390.48,,Bebida
912,Omnilife Verafrut,414.68,176.0,Control de peso
913,Omnilife Cafeto,336.9,230.0,Suplemento
914,Omnilife Starbien,550.98,151.0,Control de peso
915,Omnilife Biocros,635.3,81.0,Bebida
916,Omnilife Power Maker,360.79,22.0,Bebida
917,Omnilife Uzo,490.4,,Energía
918,Omnilife Ego Plant,561.59,177.0,Suplemento
919,Omnilife Cafeto,588.83,,
920,Omnilife Power Maker,457.1,131.0,Bebida
921,Omnilife Dolvita,406.7,166.0,Suplemento
922,,609.17,245.0,Bebida
923,Omnilife Thermo Tea Limón,404.35,62.0,Control de peso
924,Omnilife Shake Plus,487.57,136.0,Suplemento
925,,623.57,34.0,Control de peso
926,Omnilife Cafeto,585.59,108.0,Nutrición
927,Omnilife Uzo,523.18,196.0,Control de peso
928,Omnilife Supermix,279.2,151.0,Suplemento
929,Omnilife Optimus,354.87,,
930,Omnilife Supermix,409.19,74.0,Energía
931,Omnilife Supermix,416.17,180.0,Control de peso
932,Omnilife Aloe Beta,506.21,138.0,Energía
933,Omnilife Starbien,360.99,80.0,Suplemento
934,Omnilife Uzo,618.37,250.0,Bebida
935,Omnilife Uzo,380.7,151.0,Suplemento
936,,529.47,187.0,Bebida
937,Omnilife Optimus,347.79,237.0,Control de peso
938,Omnilife Aloe Beta,431.35,,Suplemento
939,Omnilife Ego Plant,516.43,169.0,Bebida
940,,,36.0,Suplemento
941,Omnilife Starbien,448.57,,Energía
942,Omnilife Uzo,563.19,185.0,Nutrición
943,Omnilife Starbien,398.75,,Nutrición
944,Omnilife Dolvita,,198.0,Suplemento
945,Omnilife Biocros,572.84,70.0,Energía
946,Omnilife Aloe Beta,355.18,250.0,Energía
947,Omnilife Shake Plus,280.83,117.0,Energía
948,,272.18,220.0,Energía
949,Omnilife Starbien,397.08,66.0,
950,Omnilife Verafrut,479.56,186.0,Suplemento
200,Omnilife Dolvita,311.2,46.0,Energía
930,Omnilife Supermix,409.19,74.0,Energía
694,Omnilife Supermix,,,Suplemento
799,Omnilife Thermo Tea Limón,375.67,247.0,Control de peso
875,Omnilife Starbien,379.46,181.0,Nutrición
579,Omnilife Ego Plant,429.84,37.0,Suplemento
825,Omnilife Aloe Beta,582.53,187.0,
925,,623.57,34.0,Control de peso
491,Omnilife Uzo,419.3,199.0,Nutrición
175,Omnilife Uzo,260.79,,Energía
210,Omnilife Aloe Beta,346.54,105.0,Control de peso
282,Omnilife Cafeto,251.03,,Nutrición
60,Omnilife Magnus Supreme,439.07,201.0,
465,Omnilife Optimus,514.77,225.0,Energía
849,Omnilife Fiber'n Plus,417.3,36.0,Energía
77,,,15.0,Energía
412,Omnilife Biocros,297.99,128.0,Control de peso
216,Omnilife Biocros,390.72,117.0,Nutrición
108,,309.24,33.0,Suplemento
738,,263.53,217.0,Suplemento
406,Omnilife Supermix,454.94,89.0,Control de peso
559,Omnilife Starbien,314.79,240.0,Bebida
364,Omnilife Starbien,,135.0,Suplemento
211,Omnilife Uzo,,177.0,Control de peso
24,Omnilife Power Maker,578.72,207.0,Nutrición
605,Omnilife Thermo Tea Limón,576.3,95.0,Nutrición
526,,649.26,71.0,Suplemento
458,,301.12,180.0,Energía
619,Omnilife Fiber'n Plus,375.5,45.0,Control de peso
31,Omnilife Starbien,453.81,,Suplemento
851,Omnilife Dolvita,617.66,239.0,Bebida
758,Omnilife Magnus Supreme,,250.0,Suplemento
712,Omnilife Uzo,462.0,100.0,Bebida
232,Omnilife Aloe Beta,647.57,,Energía
68,Omnilife Supermix,594.54,,Suplemento
137,Omnilife Magnus Supreme,370.38,141.0,Suplemento
295,Omnilife Aloe Beta,437.8,249.0,Nutrición
140,,520.25,131.0,Control de peso
621,Omnilife Shake Plus,558.8,185.0,Nutrición
717,Omnilife Optimus,599.45,49.0,Energía
40,Omnilife Uzo,554.78,130.0,
332,Omnilife Starbien,551.66,58.0,Control de peso
267,Omnilife Biocros,,128.0,Control de peso
483,Omnilife Optimus,,96.0,
87,Omnilife Shake Plus,536.48,62.0,Nutrición
313,Omnilife Ego Plant,505.58,109.0,Nutrición
568,Omnilife Shake Plus,558.41,68.0,Bebida
